{
  "GET LAPTOP" : {
    "transaction" : "GET LAPTOP",
    "sampleCount" : 338,
    "errorCount" : 0,
    "errorPct" : 0.0,
    "meanResTime" : 2067.499999999999,
    "medianResTime" : 931.0,
    "minResTime" : 306.0,
    "maxResTime" : 18128.0,
    "pct1ResTime" : 5183.200000000003,
    "pct2ResTime" : 10818.050000000003,
    "pct3ResTime" : 15144.28,
    "throughput" : 0.1892147587511826,
    "receivedKBytesPerSec" : 6.628983857615895,
    "sentKBytesPerSec" : 0.026423545411542102
  },
  "REGISTER" : {
    "transaction" : "REGISTER",
    "sampleCount" : 290,
    "errorCount" : 0,
    "errorPct" : 0.0,
    "meanResTime" : 1533.4241379310333,
    "medianResTime" : 727.5,
    "minResTime" : 135.0,
    "maxResTime" : 16118.0,
    "pct1ResTime" : 3241.1000000000167,
    "pct2ResTime" : 7244.299999999997,
    "pct3ResTime" : 12371.729999999932,
    "throughput" : 0.16158833532811348,
    "receivedKBytesPerSec" : 0.3182848362859423,
    "sentKBytesPerSec" : 0.19304353771332447
  },
  "GET home" : {
    "transaction" : "GET home",
    "sampleCount" : 2422,
    "errorCount" : 0,
    "errorPct" : 0.0,
    "meanResTime" : 1889.655243600331,
    "medianResTime" : 853.0,
    "minResTime" : 235.0,
    "maxResTime" : 21380.0,
    "pct1ResTime" : 4468.0000000000055,
    "pct2ResTime" : 9404.449999999997,
    "pct3ResTime" : 13996.059999999998,
    "throughput" : 1.3453701934400148,
    "receivedKBytesPerSec" : 46.777890983631146,
    "sentKBytesPerSec" : 0.16817127418000186
  },
  "ADD TO CART" : {
    "transaction" : "ADD TO CART",
    "sampleCount" : 337,
    "errorCount" : 0,
    "errorPct" : 0.0,
    "meanResTime" : 1674.1958456973296,
    "medianResTime" : 715.0,
    "minResTime" : 206.0,
    "maxResTime" : 18111.0,
    "pct1ResTime" : 3778.7999999999956,
    "pct2ResTime" : 9720.499999999987,
    "pct3ResTime" : 13551.120000000003,
    "throughput" : 0.18889456880470656,
    "receivedKBytesPerSec" : 0.5224115418505165,
    "sentKBytesPerSec" : 0.04445663191595144
  },
  "GET LOGIN PAGE" : {
    "transaction" : "GET LOGIN PAGE",
    "sampleCount" : 290,
    "errorCount" : 0,
    "errorPct" : 0.0,
    "meanResTime" : 1579.4137931034488,
    "medianResTime" : 681.0,
    "minResTime" : 174.0,
    "maxResTime" : 24640.0,
    "pct1ResTime" : 3135.7000000000003,
    "pct2ResTime" : 8275.699999999999,
    "pct3ResTime" : 13576.909999999893,
    "throughput" : 0.1619319260518316,
    "receivedKBytesPerSec" : 3.6077294540493035,
    "sentKBytesPerSec" : 0.07796136674175097
  },
  "GET ACCESSORY" : {
    "transaction" : "GET ACCESSORY",
    "sampleCount" : 2080,
    "errorCount" : 0,
    "errorPct" : 0.0,
    "meanResTime" : 1947.701923076921,
    "medianResTime" : 941.0,
    "minResTime" : 279.0,
    "maxResTime" : 17678.0,
    "pct1ResTime" : 4482.100000000002,
    "pct2ResTime" : 9544.95,
    "pct3ResTime" : 13151.920000000004,
    "throughput" : 1.161524500907441,
    "receivedKBytesPerSec" : 34.44872958257713,
    "sentKBytesPerSec" : 0.1531306715063521
  },
  "REGISTER-1" : {
    "transaction" : "REGISTER-1",
    "sampleCount" : 290,
    "errorCount" : 0,
    "errorPct" : 0.0,
    "meanResTime" : 221.2413793103448,
    "medianResTime" : 181.0,
    "minResTime" : 35.0,
    "maxResTime" : 1517.0,
    "pct1ResTime" : 431.7000000000001,
    "pct2ResTime" : 540.8499999999999,
    "pct3ResTime" : 948.3399999999993,
    "throughput" : 0.16197751081898065,
    "receivedKBytesPerSec" : 0.23648083854919535,
    "sentKBytesPerSec" : 0.08304511052730941
  },
  "REGISTER-0" : {
    "transaction" : "REGISTER-0",
    "sampleCount" : 290,
    "errorCount" : 0,
    "errorPct" : 0.0,
    "meanResTime" : 1311.7379310344832,
    "medianResTime" : 477.0,
    "minResTime" : 92.0,
    "maxResTime" : 14601.0,
    "pct1ResTime" : 3097.7000000000126,
    "pct2ResTime" : 6927.049999999999,
    "pct3ResTime" : 12226.089999999935,
    "throughput" : 0.16159184685550623,
    "receivedKBytesPerSec" : 0.08237396880720142,
    "sentKBytesPerSec" : 0.1102003503826662
  },
  "GET REGISTER PAGE" : {
    "transaction" : "GET REGISTER PAGE",
    "sampleCount" : 290,
    "errorCount" : 0,
    "errorPct" : 0.0,
    "meanResTime" : 1544.6999999999996,
    "medianResTime" : 661.0,
    "minResTime" : 210.0,
    "maxResTime" : 16148.0,
    "pct1ResTime" : 3315.200000000002,
    "pct2ResTime" : 8328.249999999995,
    "pct3ResTime" : 13234.259999999967,
    "throughput" : 0.1612163495615193,
    "receivedKBytesPerSec" : 3.822222166726891,
    "sentKBytesPerSec" : 0.0778937292399205
  },
  "GET NOTEBOOKS" : {
    "transaction" : "GET NOTEBOOKS",
    "sampleCount" : 338,
    "errorCount" : 0,
    "errorPct" : 0.0,
    "meanResTime" : 1858.7692307692298,
    "medianResTime" : 907.0,
    "minResTime" : 328.0,
    "maxResTime" : 14007.0,
    "pct1ResTime" : 3604.9000000000015,
    "pct2ResTime" : 9704.000000000002,
    "pct3ResTime" : 13415.09,
    "throughput" : 0.18892771782024365,
    "receivedKBytesPerSec" : 4.738875422082967,
    "sentKBytesPerSec" : 0.02527646224743494
  },
  "Total" : {
    "transaction" : "Total",
    "sampleCount" : 9674,
    "errorCount" : 0,
    "errorPct" : 0.0,
    "meanResTime" : 1792.461132933636,
    "medianResTime" : 828.0,
    "minResTime" : 35.0,
    "maxResTime" : 24640.0,
    "pct1ResTime" : 3964.5,
    "pct2ResTime" : 9172.5,
    "pct3ResTime" : 13295.5,
    "throughput" : 5.372865418996306,
    "receivedKBytesPerSec" : 135.4991154899824,
    "sentKBytesPerSec" : 1.237722727077709
  },
  "LOGIN" : {
    "transaction" : "LOGIN",
    "sampleCount" : 289,
    "errorCount" : 0,
    "errorPct" : 0.0,
    "meanResTime" : 1552.8304498269897,
    "medianResTime" : 687.0,
    "minResTime" : 216.0,
    "maxResTime" : 12767.0,
    "pct1ResTime" : 3235.0,
    "pct2ResTime" : 9379.5,
    "pct3ResTime" : 11630.900000000021,
    "throughput" : 0.16195820357529742,
    "receivedKBytesPerSec" : 3.6381468275806412,
    "sentKBytesPerSec" : 0.10280221666981429
  },
  "GET COMPS" : {
    "transaction" : "GET COMPS",
    "sampleCount" : 2420,
    "errorCount" : 0,
    "errorPct" : 0.0,
    "meanResTime" : 1891.3235537190076,
    "medianResTime" : 854.5,
    "minResTime" : 275.0,
    "maxResTime" : 24627.0,
    "pct1ResTime" : 4488.000000000001,
    "pct2ResTime" : 9379.399999999994,
    "pct3ResTime" : 13373.11,
    "throughput" : 1.3479588727721776,
    "receivedKBytesPerSec" : 31.107046994608723,
    "sentKBytesPerSec" : 0.18034215387674643
  }
}